Cluster	Sample_Count	Samples	Has_PopPIPE_Data
1	76	ERS013360;GCA_963570025_1;SRR12527871_contigs;IP-0048;IP-0162;ERS012330;ERS013358;GCA_963573135_1;IE-0012;IE-0014;IP-0127;IP-0029;IP-0077;GCA_963571365_1;GCA_963565485_1;IP-0044;IP-0133;ERS012303;IP-0196;IP-0135;IE-0006;GCF_001326955_2_Malaysia;GCA_963561925_1;ERS012365;GCA_963566475_1;GCF_025847415_1_Viet_Nam;IP-0040;IP-0159;GCA_963573175_1;IP-0195;ERS012316;GCA_963562615_1;ERS013346;ERS012369;GCA_963569365_1;IP-0181;GCA_963561245_1;IP-0187;GCA_963561915_1;ERS013355;ERS012377;IP-0055;IP-0119;IP-0153;IP-0168;IP-0034;GCA_963563155_1;GCF_001207785_2_Malaysia;ERS012362;ERS012331;IP-0038;ERS012309;GCA_963569785_1;GCA_963571055_1;GCA_963571495_1;IP-0115;IP-0116;IP-0171;GCA_963561855_1;IP-0180;IP-0094;IP-0129;GCA_963571905_1;IP-0118;ERS012328;GCA_963567325_1;GCA_963563065_1;IE-0007;GCA_963562655_1;IP-0097;GCA_963564785_1;GCA_963571975_1;IE-0024;IP-0008;IP-0039;IP-0003	True
10	9	IP-0151;IP-0193;IP-0200;IP-0050;IP-0101;IP-0201;IP-0107;IP-0051;GCA_963563735_1	True
11	8	GCA_963569685_1;IP-0137;IP-0111;IP-0188;IP-0076;GCA_963561355_1;IP-0088;GCA_963566085_1	True
114	15	GCF_900591545_1_Thailand;GCF_900595835_1_Thailand;GCF_900595875_1_Thailand;GCA_963566735_1;GCA_963565205_1;GCA_963567965_1;GCF_900592225_1_Thailand;GCA_963564165_1;GCA_963564145_1;GCF_001977465_1_Thailand_Ubon;GCF_900594115_1_Thailand;GCA_963561965_1;GCF_900593195_1_Thailand;GCA_963571885_1;GCA_963568235_1	True
117	59	GCF_900592275_1_Thailand;GCF_900595725_1_Thailand;GCF_028620325_1_missing;GCF_900593225_1_Thailand;GCF_028620365_1_missing;GCF_900595815_1_Thailand;GCF_009904425_1_Thailand_Ubon;GCF_900594305_1_Thailand;GCF_900595695_1_Thailand;GCF_001977915_1_Thailand_Ubon;GCF_900595665_1_Thailand;GCF_900595775_1_Thailand;GCF_900595805_1_Thailand;GCF_900595745_1_Thailand;GCF_900595845_1_Thailand;GCA_900595655_2;GCF_001977945_1_Thailand_Ubon;GCF_900592905_1_Thailand;GCF_900594625_1_Thailand;GCA_963571345_1;GCF_000954175_1_Taiwan_Kaohsiung_Veterans_General_Hospital_Kaohsiung;GCF_001981025_1_Thailand;GCF_009904395_1_Thailand_Ubon;GCF_900593295_1_Thailand;GCF_900594335_1_Thailand;GCF_900594145_1_Thailand;GCF_900594615_1_Thailand;GCA_963564585_1;GCA_963563925_1;GCF_900594695_1_Thailand;GCF_900595735_1_Thailand;GCF_900592685_1_Thailand;GCA_963571785_1;GCF_002881115_1_Thailand;GCA_900595795_2;GCA_963566105_1;GCA_963566545_1;GCF_900591225_1_Thailand;GCF_900594605_1_Thailand;GCF_009904385_1_Thailand_Ubon;GCA_900597285_2;GCF_001977785_1_Thailand_Ubon;GCF_900594565_1_Thailand;GCF_900595705_1_Thailand;GCF_900595795_2_Thailand;GCF_009904475_1_Thailand_Ubon;GCF_001977005_1_Thailand_Ubon;GCF_001977735_1_Thailand_Ubon;GCA_963565795_1;GCF_900597285_2_Thailand;GCF_900594045_1_Thailand;GCF_900593565_1_Thailand;GCF_900595715_1_Thailand;GCF_013371825_1_China_Hainan;GCF_900592305_1_Thailand;GCF_900595655_2_Thailand;GCF_900595755_1_Thailand;GCF_009904455_1_Thailand_Ubon;GCA_963568985_1	True
11_115	69	GCF_900591305_1_Thailand;GCA_963571715_1;GCA_963566215_1;GCF_900594935_1_Thailand;GCF_900594955_1_Thailand;GCA_963564675_1;GCF_001976335_1_Thailand;GCF_900593095_1_Thailand;GCF_900594925_1_Thailand;GCF_001637015_1_unknown;GCA_963567675_1;GCF_900592825_1_Thailand;GCA_963564845_1;GCF_900594895_1_Thailand;GCF_900593425_1_Thailand;GCF_900597035_1_Thailand;GCA_963571755_1;GCF_900596995_1_Thailand;GCF_900597965_1_Thailand;GCF_900594945_1_Thailand;GCA_963561365_1;GCF_900594975_1_Thailand;GCF_900597025_1_Thailand;GCF_900594875_2_Thailand;GCF_900597935_1_Thailand;GCF_900598775_1_Thailand;GCF_900592525_1_Thailand;GCA_963572985_1;GCA_963566585_1;GCF_900594295_1_Thailand;GCF_900593805_1_Thailand;GCF_900597075_1_Thailand;GCA_963568945_1;GCF_900591395_1_Thailand;GCF_001980995_1_Thailand;GCF_900593185_1_Thailand;GCA_963562285_1;GCA_963567855_1;GCF_900591775_1_Thailand;GCF_900591765_1_Thailand;GCA_963566165_1;GCF_900597915_1_Thailand;GCF_900593595_1_Thailand;GCA_963569905_1;GCA_963563685_1;GCF_900594915_1_Thailand;GCA_963572435_1;GCA_963572605_1;GCA_963562645_1;GCF_900594215_1_Thailand;GCF_900593785_1_Thailand;GCA_900594875_2;GCF_900592505_1_Thailand;GCF_900597005_1_Thailand;GCF_900597085_1_Thailand;GCF_900597955_1_Thailand;GCA_963566605_1;GCA_963566505_1;GCF_900593145_1_Thailand;GCF_900594015_1_Thailand;GCF_900597015_1_Thailand;GCF_900597055_1_Thailand;GCF_900591575_1_Thailand;GCF_900594965_1_Thailand;GCA_963567895_1;GCA_963569425_1;GCF_900591795_1_Thailand;GCF_900596975_1_Thailand;GCF_900594905_1_Thailand	True
12	12	IP-0017;GCA_963563715_1;IP-0186;IP-0056;IP-0202;IP-0060;IP-0027;GCF_900591855_1_Thailand;GCA_963569935_1;GCA_963571795_1;GCF_900593285_1_Thailand;GCA_963562155_1	True
122	10	GCF_900597255_1_Thailand;GCF_900597215_1_Thailand;GCF_900597205_1_Thailand;GCF_900597265_1_Thailand;GCF_900597195_1_Thailand;GCF_900597225_1_Thailand;GCF_900597175_2_Thailand;GCF_900597245_1_Thailand;GCF_900597235_1_Thailand;GCF_900597275_1_Thailand	True
125	6	GCA_900598595_2;GCF_001327555_2_Thailand;GCF_900597555_1_Thailand;GCA_963571925_1;GCF_900598595_2_Thailand;GCA_001327555_2	True
126	13	GCF_030297235_1_not_applicable;GCF_001327235_2_Singapore;ERS012364;ERS012357;ERS012349;GCF_000152365_1_missing;GCF_001327315_1_Singapore;GCF_001209045_2_Malaysia;GCA_001209045_2;GCF_030297215_1_not_applicable;GCA_001327235_2;GCA_001327455_2;GCF_001327455_2_Malaysia	True
127	43	GCF_001978565_1_Australia_Northern_Territory;GCF_001978505_1_Australia_Northern_Territory;GCF_001978605_1_Australia_Northern_Territory;GCF_001445975_1_missing;GCF_001976905_1_Thailand_Ubon;GCF_001978325_1_Australia_Northern_Territory;GCF_001978865_1_Australia_Northern_Territory;GCF_001978405_1_Australia_Northern_Territory;GCF_001978485_1_Australia_Northern_Territory;GCF_001978935_1_Australia_Northern_Territory;GCF_001978905_1_Australia_Northern_Territory;GCF_001977955_1_Thailand_Ubon;GCF_001978525_1_Australia_Northern_Territory;GCF_002880835_1_Australia;GCF_002888155_1_Australia;GCF_001446005_1_missing;GCF_001978005_1_Thailand_Ubon;GCF_001978385_1_Australia_Northern_Territory;GCF_001978515_1_Australia_Northern_Territory;GCF_001978835_1_Australia_Northern_Territory;GCF_001978295_1_Australia_Northern_Territory;GCF_001978925_1_Australia_Northern_Territory;GCF_001978675_1_Australia_Northern_Territory;GCF_001978285_1_Australia_Northern_Territory;GCF_001445635_1_Thailand;GCF_002881055_1_Australia;GCF_001978445_1_Australia_Northern_Territory;GCF_001979015_1_Australia_Northern_Territory;GCF_001978345_1_Australia_Northern_Territory;GCF_001978265_1_Australia_Northern_Territory;GCF_001978875_1_Australia_Northern_Territory;GCF_001980565_1_Australia_Northern_Territory;GCF_001978245_1_Australia_Northern_Territory;GCF_001978415_1_Australia_Northern_Territory;GCF_001978725_1_Australia_Northern_Territory;GCF_001978825_1_Australia_Northern_Territory;GCF_001978705_1_Australia_Northern_Territory;GCF_001978665_1_Australia_Northern_Territory;GCF_001978615_1_Australia_Northern_Territory;GCF_000764575_1_Australia;GCF_001978585_1_Australia_Northern_Territory;GCF_001978965_1_Australia_Northern_Territory;GCF_001978455_1_Australia_Northern_Territory	True
128	40	GCF_900596875_1_Thailand;GCF_001976485_1_Thailand;GCA_963567075_1;GCF_900595455_1_Thailand;GCF_900594555_1_Thailand;GCF_900594705_1_Thailand;GCF_900594535_1_Thailand;GCF_900594475_1_Thailand;GCF_900596845_1_Thailand;GCF_900594545_1_Thailand;GCF_900593615_1_Thailand;GCF_900595425_1_Thailand;GCF_900596795_1_Thailand;GCF_900596765_2_Thailand;GCF_900594575_1_Thailand;GCF_002880985_1_Thailand;GCF_900596895_1_Thailand;GCF_900596835_1_Thailand;GCF_900595445_1_Thailand;GCF_900596775_1_Thailand;GCF_900596755_1_Thailand;GCF_900594585_1_Thailand;GCF_900594735_1_Thailand;GCA_900596765_2;GCF_900596855_2_Thailand;GCF_900596825_1_Thailand;GCA_900594675_2;GCF_900596885_1_Thailand;GCF_900594505_1_Thailand;GCF_900596745_1_Thailand;GCF_900596785_1_Thailand;GCA_900596855_2;GCA_963567085_1;GCF_900594525_1_Thailand;GCF_900594675_2_Thailand;GCF_900596905_1_Thailand;GCF_900593685_1_Thailand;GCF_900596935_1_Thailand;GCF_900596815_1_Thailand;GCF_900594465_1_Thailand	True
129	38	GCF_900598035_1_Thailand;GCF_900598055_1_Thailand;GCF_900595905_1_Thailand;GCA_900596595_2;GCF_900597605_1_Thailand;GCF_900596575_1_Thailand;GCF_900595865_1_Thailand;GCF_900595915_1_Thailand;GCF_900591695_1_Thailand;GCA_900597995_2;GCF_900596645_1_Thailand;GCF_900591375_1_Thailand;GCF_900597985_1_Thailand;GCF_900596665_1_Thailand;GCF_900597975_1_Thailand;GCF_900595955_1_Thailand;GCF_900597625_1_Thailand;GCF_900597595_1_Thailand;GCF_900597655_1_Thailand;GCF_900595945_1_Thailand;GCF_900596615_1_Thailand;GCF_900598025_1_Thailand;GCF_900598065_1_Thailand;GCF_900595885_1_Thailand;GCF_900598005_1_Thailand;GCF_900596595_2_Thailand;GCF_900598045_1_Thailand;GCF_900595995_1_Thailand;GCA_900595895_2;GCF_900596635_1_Thailand;GCF_900597635_1_Thailand;GCF_900595925_1_Thailand;GCF_900597615_1_Thailand;GCF_900595895_2_Thailand;GCF_900595935_1_Thailand;GCF_900598015_1_Thailand;GCF_003798245_1_Unknown;GCF_900597995_2_Thailand	True
13	14	IE-0010;IE-0021;GCA_963562795_1;IE-0017;ERS013365;GCA_963564325_1;SRR12527885_contigs;GCA_963561655_1;GCA_963565635_1;GCA_963570865_1;GCF_900593315_1_Thailand;GCF_900592785_1_Thailand;GCA_963568015_1;GCA_963561145_1	True
130	33	GCF_001979595_1_Australia_Northern_Territory;GCF_001979835_1_Australia_Northern_Territory;GCF_001979885_1_Australia_Northern_Territory;GCF_002843645_1_Australia_Northern_Territory;GCF_001979585_1_Australia_Northern_Territory;GCF_001979335_1_Australia_Northern_Territory;GCF_026315045_1_Australia_Northern_Territory;GCF_001979505_1_Australia_Northern_Territory;GCF_026315025_1_Australia_Northern_Territory;GCF_000347975_1_Australia_Northern_Territory;GCF_001979285_1_Australia_Northern_Territory;GCF_000152325_1_missing;GCF_001979745_1_Australia_Northern_Territory;GCF_001980335_1_Australia_Northern_Territory;GCF_001979565_1_Australia_Northern_Territory;GCF_001979245_1_Australia_Northern_Territory;GCF_001979255_1_Australia_Northern_Territory;GCF_001979865_1_Australia_Northern_Territory;GCF_001979695_1_Australia_Northern_Territory;GCF_002880955_1_Australia;GCF_001979345_1_unknown;GCF_001979675_1_Australia_Northern_Territory;GCF_001979645_1_Australia_Northern_Territory;GCF_001979615_1_Australia_Northern_Territory;GCF_001979215_1_Australia_Northern_Territory;GCF_001979725_1_Australia_Northern_Territory;GCF_001979755_1_Australia_Northern_Territory;GCF_001979175_1_Australia_Northern_Territory;GCF_026315005_1_Australia_Northern_Territory;GCF_001979665_1_Australia_Northern_Territory;GCF_001979815_1_Australia_Northern_Territory;GCF_000756165_1_unknown;GCF_001980365_1_Australia_Northern_Territory	True
131	23	GCF_001977865_1_Thailand_Ubon;GCF_009904295_1_Thailand_Ubon;GCF_002888365_1_Thailand;GCF_900595195_2_Thailand;GCF_001977045_1_Thailand_Ubon;GCF_009904215_1_Thailand_Ubon;GCF_009904165_1_Thailand_Ubon;GCF_009904265_1_Thailand_Ubon;GCA_900595195_2;GCF_001977805_1_Thailand_Ubon;GCF_001977135_1_Thailand_Ubon;GCF_001977825_1_Thailand_Ubon;GCF_009904175_1_Thailand_Ubon;GCF_009904255_1_Thailand_Ubon;GCF_001977015_1_Thailand_Ubon;GCF_001977885_1_Thailand_Ubon;GCF_001446125_1_missing;GCF_001977055_1_Thailand_Ubon;GCF_900596915_1_Thailand;GCF_900593905_1_Thailand;GCF_018139505_1_Thailand_Ubon;GCF_009904185_1_Thailand_Ubon;GCF_900596865_1_Thailand	True
132	17	GCF_900598385_2_Thailand;GCF_900596165_1_Thailand;GCF_900598445_1_Thailand;GCF_900598455_1_Thailand;GCF_900598475_1_Thailand;GCF_900593735_1_Thailand;GCF_900598485_1_Thailand;GCF_900596285_1_Thailand;GCF_900598435_1_Thailand;GCF_900598425_1_Thailand;GCA_963565695_1;GCF_900596225_1_Thailand;GCF_900598465_1_Thailand;GCF_900598405_1_Thailand;GCA_900598385_2;GCF_900591845_1_Thailand;GCF_900598415_1_Thailand	True
133	14	GCF_001978745_1_Australia_Northern_Territory;GCF_001978785_1_Australia_Northern_Territory;GCF_002888055_1_Australia;GCF_001978765_1_Australia_Northern_Territory;GCF_001979905_1_Australia_Northern_Territory;GCF_001979975_1_Australia_Northern_Territory;GCF_000520895_1_Australia;GCF_000511915_1_Australia;GCF_001978795_1_Australia_Northern_Territory;GCF_001445985_1_missing;GCF_001979945_1_Australia_Northern_Territory;GCF_000521645_1_Australia;GCF_001978365_1_Australia_Northern_Territory;GCF_002888045_1_Australia	True
134	13	GCF_008728315_1_Micronesia_Yap;GCF_009360955_1_Micronesia_Yap;GCF_009360985_1_Micronesia_Yap;GCF_009360935_1_Micronesia_Yap;GCF_009360965_1_Micronesia_Yap;GCF_008728335_1_Micronesia_Yap;GCF_008728255_1_Micronesia_Yap;GCF_008728295_1_Micronesia_Yap;GCF_008728355_1_Micronesia_Yap;GCF_009360975_1_Micronesia_Yap;GCF_008728375_1_Micronesia_Yap;GCF_009361075_1_Micronesia_Yap;GCF_009361035_1_Micronesia_Yap	True
135	13	GCA_963565855_1;GCA_963564175_1;GCF_900594715_1_Thailand;GCA_963571015_1;GCA_963571435_1;GCF_900591365_1_Thailand;GCF_900594785_1_Thailand;GCA_963568075_1;GCA_963564185_1;GCA_963564905_1;GCA_963565645_1;GCF_900594755_1_Thailand;GCF_900592015_1_Thailand	True
136	13	GCF_900592055_1_Thailand;GCF_900591625_1_Thailand;GCF_900593345_1_Thailand;GCA_963563765_1;GCF_032658125_1_Thailand_Sisaket;GCF_900593705_1_Thailand;GCA_963571705_1;GCF_032658105_1_Thailand__Sisaket;GCF_900591245_1_Thailand;GCF_900591615_1_Thailand;GCF_900594075_1_Thailand;GCF_900592645_1_Thailand;GCF_900591635_1_Thailand	True
137	13	GCF_900598165_1_Thailand;GCF_900598085_1_Thailand;GCF_900598115_1_Thailand;GCF_900598135_1_Thailand;GCA_900598125_2;GCF_900598155_1_Thailand;GCF_900598125_2_Thailand;GCF_900598145_1_Thailand;GCF_900598075_1_Thailand;GCF_900598095_1_Thailand;GCF_900598105_1_Thailand;GCF_900598625_1_Thailand;GCF_900591405_1_Thailand	True
138	12	GCA_963567265_1;GCA_963568525_1;GCA_963571385_1;GCA_963561545_1;GCF_001977385_1_Thailand;GCA_963563495_1;GCA_963561645_1;GCA_963564365_1;GCA_963568475_1;GCA_963571585_1;GCF_900594425_1_Thailand;GCA_963568405_1	True
139	11	GCF_009904605_1_Thailand_Ubon;GCF_900594245_1_Thailand;GCF_009904575_1_Thailand_Ubon;GCF_009904595_1_Thailand_Ubon;GCF_001977975_1_Thailand_Ubon;GCF_009904505_1_Thailand_Ubon;GCF_009904525_1_Thailand_Ubon;GCF_009904555_1_Thailand_Ubon;GCF_001637005_1_unknown;GCF_009904155_1_Thailand_Ubon;GCF_009904485_1_Thailand_Ubon	True
14	8	GCA_963560675_1;IP-0148;IP-0023;IP-0042;IP-0085;GCA_963573225_1;GCF_900593755_1_Thailand;GCA_963563405_1	True
140	11	GCF_001979485_1_Australia_Northern_Territory;GCF_000182585_2_Australia;GCF_001979495_1_Australia_Northern_Territory;GCF_001978165_1_Australia_Northern_Territory;GCF_002887965_1_Australia;GCF_001979545_1_Australia_Northern_Territory;GCF_001979805_1_Australia_Northern_Territory;GCF_002887875_1_Australia;GCF_000756105_1_unknown;GCF_001979765_1_Australia_Northern_Territory;GCF_000445385_1_Australia	True
141	11	GCF_001975145_1_Australia_Northern_Territory;GCF_016881315_1_Australia_Northern_Territory;GCF_016881375_1_Australia_Northern_Territory;GCF_016881345_1_Australia_Northern_Territory;GCF_001975125_1_Australia_Northern_Territory;GCF_000169715_1_missing;GCF_001979195_1_Australia_Northern_Territory;GCF_000583835_1_Australia;GCF_000439695_1_Australia_Northern_Territory;GCF_000774695_1_Australia;GCF_000755765_1_Australia_Darwin_Northern_Territory	True
142	11	GCF_900597665_1_Thailand;GCA_900597675_2;GCF_900597735_1_Thailand;GCF_900597705_1_Thailand;GCF_900597725_1_Thailand;GCF_900597745_1_Thailand;GCF_900597755_1_Thailand;GCF_900597715_1_Thailand;GCF_900597675_2_Thailand;GCF_900597695_1_Thailand;GCF_900597765_1_Thailand	True
143	11	GCF_900597125_1_Thailand;GCF_900597135_1_Thailand;GCF_900597165_1_Thailand;GCF_900597105_1_Thailand;GCF_900597065_2_Thailand;GCA_900597065_2;GCF_900597115_1_Thailand;GCF_900597145_1_Thailand;GCF_900597155_1_Thailand;GCF_900597095_1_Thailand;GCF_900597185_1_Thailand	True
144	11	GCF_900595535_1_Thailand;GCF_900595525_1_Thailand;GCF_900595475_2_Thailand;GCF_900595495_1_Thailand;GCF_900595555_1_Thailand;GCF_900595505_1_Thailand;GCA_900595475_2;GCF_900595515_1_Thailand;GCF_900595545_1_Thailand;GCF_900595485_1_Thailand;GCF_900595565_1_Thailand	True
145	10	GCF_900596515_1_Thailand;GCF_900596495_1_Thailand;GCA_963565935_1;GCF_900598635_1_Thailand;GCF_900596535_1_Thailand;GCF_900596565_1_Thailand;GCF_900596545_1_Thailand;GCA_900596505_2;GCF_900596555_1_Thailand;GCF_900596505_2_Thailand	True
146	9	GCF_002921005_1_Malaysia;GCF_002920945_1_Malaysia;GCF_025000275_1_Malaysia_Pahang;GCF_002920995_1_Malaysia;GCF_002921015_1_Malaysia;GCF_001695715_1_Malaysia;GCF_025367655_1_Malaysia_Pahang;GCF_002921055_1_Malaysia;GCF_025290865_1_Malaysia_Pahang	True
147	9	GCA_963567495_1;GCF_900593075_1_Thailand;GCF_900591875_1_Thailand;GCA_963568915_1;GCF_900593015_1_Thailand;GCA_963562565_1;GCA_963566325_1;GCF_900592425_1_Thailand;GCF_900593215_1_Thailand	True
148	8	GCF_900597465_1_Thailand;GCF_900592815_1_Thailand;GCF_900597425_1_Thailand;GCF_900597405_1_Thailand;GCF_900597445_1_Thailand;GCF_900592565_1_Thailand;GCA_963565065_1;GCF_900594315_1_Thailand	True
149	8	GCF_900591475_1_Thailand;GCF_900592295_1_Thailand;GCA_900598495_2;GCF_900598535_1_Thailand;GCF_900598495_2_Thailand;GCF_900598555_1_Thailand;GCF_900593375_1_Thailand;GCF_900598505_1_Thailand	True
150	7	GCF_900598725_1_Thailand;GCF_900598735_1_Thailand;GCF_900598745_1_Thailand;GCF_900598755_1_Thailand;GCF_900598685_1_Thailand;GCF_900598675_1_Thailand;GCF_900598695_1_Thailand	True
151	7	GCF_027946755_1_Malaysia;GCF_001980585_2_Malaysia;GCF_001980605_1_Malaysia;GCF_001980655_1_Malaysia;GCF_028201395_1_Malaysia;GCF_001980675_1_Malaysia;GCF_000961535_1_Malaysia_Sarawak_Kapit_Hospital	True
152	7	GCA_963662065_1;GCA_963564355_1;GCF_001977675_1_Thailand_Ubon;GCF_900596205_1_Thailand;GCF_900596155_1_Thailand;GCA_963564155_1;GCF_900596115_1_Thailand	True
153	7	GCA_963567545_1;GCA_963568035_1;GCA_963567955_1;GCA_963573015_1;GCA_963563325_1;GCA_963564285_1;GCF_900591325_1_Thailand	True
154	7	GCA_963573105_1;GCA_963571165_1;GCA_963568995_1;GCA_963561035_1;GCA_963564115_1;GCA_963569875_1;GCA_963571135_1	True
155	7	GCF_900594025_1_Thailand;GCA_963561065_1;GCF_900597475_1_Thailand;GCA_963567685_1;GCA_900597385_2;GCF_001981055_1_Thailand;GCF_900597385_2_Thailand	True
156	6	GCF_001980385_1_Australia_Northern_Territory;GCF_001980425_1_Australia_Northern_Territory;GCF_001980465_1_Australia_Northern_Territory;GCF_001980485_1_Australia_Northern_Territory;GCF_001980435_1_Australia_Northern_Territory;GCF_001980395_1_Australia_Northern_Territory	True
157	6	GCF_001445955_1_missing;GCF_001978185_1_Australia_Northern_Territory;GCF_000770395_1_Australia;GCF_000774195_1_Australia;GCF_000770415_1_Australia;GCF_000774705_1_Australia	True
158	6	GCF_001887575_1_Australia;GCF_000756065_1_Australia;GCF_000714875_1_Australia;GCF_001887555_1_Australia;GCF_000452965_1_Australia;GCF_000755965_1_Australia	True
159	6	GCF_900592475_1_Thailand;GCA_963568585_1;GCF_900594255_1_Thailand;GCF_900593855_1_Thailand;GCF_000259775_1_Thailand;GCF_009793465_1_Viet_Nam	True
15_55	38	GCA_963567315_1;GCA_963564445_1;GCF_900592915_1_Thailand;GCA_963565585_1;GCA_963567735_1;GCA_963565235_1;GCA_963560745_1;GCA_963568215_1;GCF_001980895_1_Thailand;GCA_963564695_1;GCF_001977605_1_Thailand_Ubon;GCA_963572625_1;GCA_963564725_1;GCA_963569565_1;GCA_963568855_1;GCA_963570765_1;GCA_963561685_1;GCA_963560935_1;GCA_963564775_1;GCA_963570935_1;GCA_963562885_1;GCA_963566395_1;GCA_963568545_1;GCA_963563395_1;GCF_900594385_1_Thailand;GCA_963567485_1;GCA_963563105_1;GCA_963564735_1;GCA_963567775_1;GCF_900592065_1_Thailand;GCA_963564745_1;GCA_963572955_1;GCA_963573165_1;GCA_963567705_1;GCA_963568565_1;GCF_003798265_1_Thailand_Ubon_Ratchathani;GCA_963561795_1;GCF_001977565_1_Thailand_Ubon	True
16	74	IP-0032;IP-0170;IP-0164;IP-0123;GCA_963569775_1;GCA_963570725_1;GCF_000959125_1_Thailand;GCF_900594105_1_Thailand;GCA_963565595_1;GCA_963566905_1;GCA_963573215_1;GCF_900591235_1_Thailand;GCF_900591975_1_Thailand;GCF_900594355_1_Thailand;GCF_900595235_1_Thailand;GCA_963569665_1;GCA_963567445_1;GCA_963570195_1;GCF_004123025_1_not_applicable;GCF_900592445_1_Thailand;GCF_900591675_1_Thailand;GCA_963561745_1;GCF_900594175_1_Thailand;GCF_900598645_1_Thailand;GCA_963571575_1;SRR12527864-SPAdes;GCF_900592195_1_Thailand;GCA_963560285_1;GCA_963563985_1;GCA_963565305_1;GCA_963570255_1;GCF_900594135_1_Thailand;GCF_900592885_1_Thailand;GCA_963568615_1;GCA_963562705_1;GCA_963571735_1;GCF_900592215_1_Thailand;GCF_900598665_1_Thailand;GCA_963566015_1;GCA_963565615_1;GCA_963569985_1;GCA_963570605_1;GCF_900598605_1_Thailand;GCF_900593405_1_Thailand;GCA_963571375_1;GCA_963565155_1;GCA_963569615_1;GCA_963570895_1;GCA_963566665_1;GCA_963565685_1;GCF_900593135_1_Thailand;GCA_963572935_1;GCA_963562455_1;GCA_963568195_1;GCA_963565475_1;GCA_963565805_1;GCA_963569175_1;GCA_963563515_1;GCF_900592775_1_Thailand;GCA_963567835_1;GCF_900591835_1_Thailand;GCF_900593765_1_Thailand;GCF_900598615_1_Thailand;GCA_963561395_1;GCA_963571405_1;GCF_000260515_1_Thailand;GCA_963566065_1;GCA_963573185_1;GCF_900594005_1_Thailand;GCF_000259735_1_Thailand;GCA_963567595_1;GCF_000756085_1_Thailand;GCF_900592585_1_Thailand;GCA_963567625_1	True
160	6	GCF_900592205_1_Thailand;GCA_963567415_1;GCA_963564415_1;GCA_963565665_1;GCF_900594055_1_Thailand;GCA_963567355_1	True
161	6	GCF_900597045_2_Thailand;GCA_900597045_2;GCF_900596945_1_Thailand;GCF_900596925_2_Thailand;GCA_900596925_2;GCF_900596985_1_Thailand	True
162	6	GCA_900596185_2;GCF_900596185_2_Thailand;GCF_900596295_1_Thailand;GCF_900596235_1_Thailand;GCF_900596265_1_Thailand;GCF_900596215_1_Thailand	True
17	8	GCF_014713065_1_Laos;GCF_014712965_1_Laos;GCF_014712955_1_Laos;GCF_014713025_1_Laos;SRR11097774-SPAdes;SRR11097777-SPAdes;SRR11097778-SPAdes;SRR11097773-SPAdes	True
18	7	GCF_014712935_1_Laos;GCF_014712825_1_Laos;GCF_014712875_1_Laos;GCF_014712915_1_Laos;SRR11097781-SPAdes;SRR11097782-SPAdes;SRR11097772-SPAdes	True
19	47	IP-0073;GCA_963568055_1;GCA_963568885_1;IE-0016;GCA_963565175_1;GCA_963563555_1;GCA_963567205_1;GCF_001978055_1_Thailand_Ubon;GCA_963565135_1;GCA_963570835_1;GCA_963564955_1;GCA_963569605_1;GCF_900596955_1_Thailand;GCF_001977285_1_Thailand_Ubon;GCA_963567425_1;GCA_963567885_1;GCA_963566705_1;GCA_963566985_1;GCF_900592315_1_Thailand;GCA_963566115_1;GCF_900593745_1_Thailand;GCA_963565625_1;GCA_963562405_1;GCA_963564835_1;GCF_900592005_1_Thailand;GCF_900592115_1_Thailand;GCF_900594235_1_Thailand;GCA_963570395_1;GCA_963564545_1;GCF_900592405_1_Thailand;GCF_900595765_1_Thailand;GCA_963566615_1;GCA_963569495_1;GCF_900595825_1_Thailand;GCF_900593695_1_Thailand;GCA_963569435_1;GCF_001977265_1_Thailand_Ubon;GCF_900594345_1_Thailand;GCF_900598655_1_Thailand;GCA_963564395_1;GCF_900596965_1_Thailand;GCF_900592705_1_Thailand;GCF_900591825_1_Thailand;GCA_963571175_1;GCF_900592155_1_Thailand;GCF_900593945_1_Thailand;GCA_963566035_1	True
1_76	448	GCF_001976185_1_Thailand;GCF_900593265_1_Thailand;GCF_900593605_1_Thailand;GCF_900593795_1_Thailand;GCF_900594995_1_Thailand;GCA_963563415_1;GCA_963561905_1;GCA_963569895_1;GCF_001198755_2_Singapore;GCA_963574035_1;GCF_900592725_1_Thailand;GCA_963568165_1;GCA_963570275_1;GCA_963568685_1;GCA_963560895_1;GCA_963568375_1;GCA_963569315_1;GCA_963572405_1;GCA_963571155_1;GCF_003547055_1_Malaysia;GCF_900595065_1_Thailand;GCA_963571225_1;GCA_963571315_1;GCF_900591295_1_Thailand;GCA_963566645_1;GCA_963569335_1;GCA_963566295_1;GCA_963564595_1;GCA_963566185_1;GCA_963566555_1;GCA_963566145_1;GCA_963564315_1;GCA_963565005_1;GCA_963560515_1;GCF_900594205_1_Thailand;GCF_900596415_1_Thailand;GCA_963569095_1;GCA_963560645_1;GCF_900595285_1_Thailand;GCA_963569455_1;GCA_963567575_1;GCF_900593925_1_Thailand;GCF_001446175_1_missing;GCA_963569065_1;GCA_963567875_1;GCF_900591585_1_Thailand;GCA_900595295_2;SRR12527884-SPAdes;GCF_900597855_1_Thailand;GCF_900595335_1_Thailand;GCA_963569075_1;GCA_963565995_1;GCF_900594985_2_Thailand;GCA_963568875_1;GCA_963571085_1;GCF_900591785_1_Thailand;GCF_001977645_1_Thailand_Ubon;GCF_001976405_1_Thailand;ERS012326;GCF_900594415_1_Thailand;GCA_001198755_2;GCF_002888115_1_Thailand;GCA_963562895_1;GCA_963562905_1;GCA_963563825_1;GCA_963568255_1;GCA_963570555_1;SRR12527870-SPAdes;GCF_001207055_1_Singapore;GCF_001976175_1_unknown;GCA_963573055_1;GCA_963564265_1;GCF_025847455_1_Viet_Nam;GCA_963561415_1;SRR12527872-SPAdes;GCA_963562125_1;GCF_900596455_1_Thailand;ERS012361;GCA_963572865_1;GCA_963562835_1;GCA_963561025_1;GCF_900595115_1_Thailand;GCA_900594985_2;GCA_963567465_1;ERS012371;GCA_963570495_1;GCF_900591285_1_Thailand;GCF_001445875_1_missing;GCA_963563655_1;GCF_900595075_1_Thailand;GCA_963563675_1;GCA_963568275_1;GCA_963570055_1;GCF_001320645_1_Singapore;GCF_900593465_1_Thailand;GCF_900595265_1_Thailand;SRR12527869-SPAdes;GCF_900594765_1_Thailand;GCA_963563585_1;GCA_963560425_1;GCA_963563015_1;GCF_001976465_1_Thailand;GCA_963563455_1;GCF_001320285_1_Singapore;GCA_001209325_2;SRR12527867-SPAdes;ERS012360;GCF_900593495_1_Thailand;GCF_001976165_1_unknown;ERS013356;GCA_963561485_1;GCF_000756145_1_Thailand_Ubon_Ratchathani;GCF_001976565_1_Thailand;GCF_900591435_1_Thailand;GCF_001320465_1_Singapore;GCF_902141795_1_missing;GCF_001976925_1_Thailand_Ubon;GCF_900594445_1_Thailand;GCF_900595245_1_Thailand;GCF_900595675_1_Thailand;GCA_963570735_1;GCF_001976625_1_Thailand;GCA_963562135_1;GCA_963561615_1;GCA_963567135_1;GCA_963569835_1;GCA_963569345_1;GCA_963562085_1;GCA_963561495_1;GCA_963564505_1;GCF_000757185_1_unknown;GCF_025847585_1_Viet_Nam;GCF_900592185_1_Thailand;GCF_001207035_1_Singapore;GCA_963564805_1;GCA_963569275_1;GCA_963561715_1;GCA_963569465_1;GCA_963568335_1;GCA_963562055_1;GCA_963568745_1;GCF_032803925_1_Malaysia_Kelantan;GCF_900595255_1_Thailand;GCA_963570855_1;GCA_963566245_1;GCA_963561845_1;GCF_000756125_1_Thailand;GCF_001327375_2_Singapore;GCA_963560485_1;GCF_027856935_2_China_Hong_Kong;GCF_900595365_1_Thailand;GCA_963565555_1;GCF_001976265_1_Thailand;GCF_900594795_1_Thailand;GCA_963572035_1;GCA_963571815_1;SRR12527866-SPAdes;GCA_963563335_1;GCF_900595305_1_Thailand;GCF_021083455_1_USA_Texas;GCF_900592615_1_Thailand;GCA_963572185_1;GCA_963572835_1;GCF_900597825_1_Thailand;GCA_963564565_1;ERS013359;GCA_963568535_1;GCA_963571865_1;GCA_963571305_1;GCA_963560435_1;GCA_900597565_2;GCA_963569385_1;GCF_025848355_1_Viet_Nam;ERS012345;GCA_963572515_1;GCF_900596405_1_Thailand;GCA_963570175_1;GCA_963572425_1;GCF_900596425_1_Thailand;GCA_963571775_1;SRR12527874-SPAdes;GCA_963569695_1;GCA_963568715_1;GCF_001203735_1_Singapore;GCA_963563095_1;GCA_963566275_1;GCF_900597565_2_Thailand;GCA_963571505_1;GCF_900591745_1_Thailand;GCA_963566885_1;GCF_028620395_1_missing;GCA_963563345_1;GCF_900592245_1_Thailand;GCA_963561515_1;GCF_027856895_2_China_Hong_Kong;GCA_963563115_1;GCA_963560695_1;GCA_963564915_1;GCF_001976245_1_Thailand;GCF_001327195_1_Singapore;GCA_963572065_1;GCA_963566535_1;GCA_963565735_1;GCF_902141835_1_missing;GCA_963560775_1;GCA_963561155_1;SRR12527888-SPAdes;GCF_900596695_1_Thailand;GCA_963563465_1;GCF_001976385_1_Thailand;SRR12527868-SPAdes;GCF_900595005_1_Thailand;GCA_963564425_1;GCA_963570035_1;GCF_900595185_1_Thailand;GCA_963563145_1;GCA_963568925_1;GCF_900591385_1_Thailand;GCA_963571515_1;GCF_900592555_1_Thailand;GCF_900592745_1_Thailand;GCA_963572395_1;GCA_963571635_1;GCA_963566975_1;GCF_900595055_1_Thailand;GCF_900597525_1_Thailand;GCF_032804105_1_Malaysia_Kelantan;GCF_032804185_1_Malaysia_Kelantan;GCA_963562745_1;GCF_900595165_1_Thailand;GCA_963561575_1;GCF_900596445_1_Thailand;ERS012304;GCA_963567455_1;GCF_002860065_1_Hong_Kong;GCF_900596475_1_Thailand;GCA_963573045_1;GCF_900591955_1_Thailand;GCF_900596435_1_Thailand;GCA_963565825_1;GCA_963560565_1;GCA_963573075_1;GCA_963567525_1;GCA_963572915_1;GCA_963568225_1;GCF_900591965_1_Thailand;GCA_963569015_1;ERS012378;GCA_963572695_1;GCA_900598705_2;GCF_900591415_1_Thailand;GCF_900597785_2_Thailand;GCF_900596655_1_Thailand;GCF_900595295_2_Thailand;GCA_963569805_1;GCA_963569845_1;GCA_963566775_1;GCA_900597785_2;GCA_963560685_1;GCA_963564095_1;ERS012367;GCA_963561295_1;GCA_963569925_1;GCF_002880925_1_Thailand;GCF_002881035_1_Malaysia;GCA_963562215_1;GCA_963560875_1;GCA_963564255_1;GCA_963565945_1;GCA_963572965_1;GCF_900595325_1_Thailand;GCF_001320585_1_Singapore;GCF_900596485_1_Thailand;GCF_900595225_1_Thailand;GCF_001193375_1_Singapore;GCA_963569575_1;GCA_963562495_1;GCA_963563055_1;GCF_900593155_1_Thailand;GCA_963571835_1;GCF_000294635_1_China_Baoting_Town_Hainan;GCF_032804165_1_Malaysia_Kelantan;GCF_001326995_1_Singapore;ERS013349;GCF_900597795_1_Thailand;GCA_963572355_1;GCF_900595015_1_Thailand;GCA_963566315_1;GCA_963567695_1;GCA_963560825_1;GCF_001327475_2_Singapore;GCA_963563285_1;GCA_963569865_1;GCF_001210025_1_Singapore;GCA_963568265_1;GCA_963562505_1;GCF_900593665_1_Thailand;GCA_963564925_1;GCA_963572595_1;GCA_963561045_1;GCA_963562955_1;GCA_963572505_1;GCF_900597805_1_Thailand;GCF_900592895_1_Thailand;GCA_963564825_1;GCA_963568415_1;ERS013357;GCA_963569595_1;GCA_001326955_2;GCA_963566385_1;GCA_963560925_1;GCF_002803595_1_Viet_Nam;GCF_001209325_2_Singapore;GCA_963570875_1;GCA_963562485_1;GCA_963569105_1;GCF_001980965_1_Thailand;GCF_025847535_1_Viet_Nam;GCA_963571605_1;GCF_900596395_2_Thailand;GCF_001199035_1_Singapore;GCA_963569395_1;GCF_001197355_2_Singapore;GCA_963570745_1;GCF_001320755_1_Singapore;GCF_000193475_1_Thailand_Bangkok;GCA_001327375_2;GCA_963567155_1;GCA_963564875_1;GCA_963572545_1;GCA_963572645_1;GCA_963572005_1;GCA_963563705_1;GCA_963568815_1;GCF_900597815_1_Thailand;GCA_963565985_1;GCF_900595375_1_Thailand;GCA_963563645_1;GCF_900598705_2_Thailand;GCA_963565725_1;GCF_001320795_1_Singapore;GCF_900595205_1_Thailand;GCA_963561465_1;GCA_963563385_1;GCA_963569255_1;GCA_963560765_1;GCF_032804065_1_Malaysia_Kelantan;ERS012353;GCF_900593545_1_Thailand;ERS012373;GCF_001208265_1_Singapore;GCA_963564635_1;GCA_963571675_1;GCA_963561475_1;GCF_001327275_1_Singapore;GCA_963570135_1;GCA_963565975_1;GCA_900596395_2;GCF_000015925_1_missing;GCA_963561935_1;GCA_963561995_1;SRR12527887-SPAdes;GCA_963568825_1;GCA_963565045_1;GCA_963565525_1;GCF_001327575_1_Singapore;GCA_963564485_1;GCF_001320105_1_Singapore;GCA_963569305_1;GCA_963568675_1;GCA_963561225_1;GCF_009741295_1_Viet_Nam;GCA_963561815_1;GCF_002245325_2_South_Korea_Osong;GCF_900597895_1_Thailand;GCF_001976395_1_unknown;GCF_001446115_1_missing;GCA_001327475_2;GCA_963569035_1;GCA_963563665_1;SRR12527873-SPAdes;GCA_963567515_1;GCF_900595035_1_Thailand;GCF_027856615_2_China_Hong_Kong;GCA_963569505_1;SRR12527876-SPAdes;GCA_963570805_1;GCF_001209525_1_Singapore;GCA_963563135_1;GCA_963572725_1;GCA_963570675_1;GCA_963572195_1;GCA_963572495_1;GCA_963560865_1;ERS012346;GCA_963567865_1;GCA_963567295_1;GCF_900593445_1_Thailand;GCA_963565965_1;GCA_963571995_1;GCF_001212265_1_Singapore;GCF_900595355_1_Thailand;GCA_963564385_1;GCF_001977725_1_Thailand_Ubon;GCF_001204455_1_Singapore;GCA_963560445_1;GCF_003547035_1_Malaysia;GCA_963565715_1;GCF_900595045_1_Thailand;GCA_963567095_1;GCA_963572175_1;GCA_963573145_1;GCF_002881015_1_Thailand;GCA_963570665_1;GCA_963572055_1;GCA_963563295_1;GCF_001980915_1_Thailand;GCA_963565265_1;GCA_963563725_1;GCA_963567565_1;GCF_900595345_1_Thailand;GCF_027853935_2_China_Hong_Kong;GCF_001202895_1_Singapore;SRR12527865-SPAdes;GCA_963566415_1;GCA_963567165_1;GCA_963569205_1;GCA_963563575_1;GCA_963569185_1;GCA_963562515_1;GCF_001976415_1_unknown;GCF_900595025_1_Thailand;GCA_963563595_1;GCF_900595215_1_Thailand;GCA_001207785_2;GCA_963566095_1;GCF_900596465_1_Thailand;GCF_001976645_1_Thailand;GCF_900595315_1_Thailand;GCA_963564335_1;GCA_963572155_1;GCA_001197355_2;GCA_963562145_1;GCA_963561455_1;GCA_963564555_1;GCA_963563965_1;GCA_963570565_1;GCA_963565405_1	True
2	65	GCA_963568005_1;GCA_963563475_1;GCF_001980755_1_Thailand;IP-0105;IP-0190;IP-0064;IP-0049;IP-0169;IP-0136;GCA_963566695_1;IP-0108;IP-0138;IP-0175;GCA_963566635_1;IP-0001;GCA_963569325_1;IP-0068;IP-0130;IP-0010;GCA_963564375_1;GCA_963566625_1;GCA_963568785_1;IP-0083;GCA_963565565_1;IP-0093;IP-0002;IP-0102;GCF_000259815_1_Thailand;IP-0026;GCA_900596305_2;IP-0059;GCA_963561735_1;IP-0069;IP-0146;IP-0155;GCA_963561975_1;IP-0041;GCA_963562695_1;IP-0057;GCA_963560735_1;IP-0036;GCA_963566175_1;IP-0185;IP-0067;GCA_963571475_1;GCA_963565125_1;IP-0070;IP-0024;IP-0109;GCA_963564975_1;GCA_963565015_1;IP-0117;GCA_963572995_1;IP-0080;IE-0011;GCA_963573025_1;GCF_001980725_1_Thailand;IE-0003;IP-0004;IP-0007;IP-0128;GCA_963570575_1;IP-0104;GCF_000259795_1_Thailand;GCA_963571005_1	True
20	61	IP-0072;GCA_963563635_1;GCA_963566765_1;IP-0183;GCA_963563175_1;GCA_963568285_1;GCA_963568515_1;GCA_963565365_1;GCA_963572665_1;GCA_963560955_1;GCA_963568505_1;GCA_963561755_1;GCA_963565275_1;GCA_963561875_1;GCA_963570355_1;GCA_963561325_1;GCA_963563355_1;GCA_963564235_1;GCA_963562305_1;GCA_963565515_1;GCA_963567145_1;GCA_963568935_1;GCA_963571915_1;GCA_963561595_1;GCA_963567225_1;GCA_963568315_1;GCA_963571535_1;GCA_963562425_1;GCF_900594365_1_Thailand;GCA_963565325_1;GCA_963561315_1;GCA_963567845_1;GCF_900592285_1_Thailand;GCA_963562385_1;GCF_900593955_1_Thailand;GCA_963568365_1;GCA_963567715_1;GCA_963567905_1;GCA_963568205_1;GCA_963565095_1;GCA_963563935_1;GCA_963565335_1;GCA_963569195_1;GCF_900592605_1_Thailand;GCA_963561885_1;GCF_001981185_1_Thailand;GCA_963562945_1;GCA_963568395_1;GCA_963572335_1;GCA_963570715_1;GCA_963562365_1;GCA_963563975_1;GCA_963569535_1;GCA_963567505_1;GCA_963566255_1;GCF_001981195_1_Thailand;GCA_963562785_1;GCA_963563915_1;GCA_963572845_1;GCA_963567195_1;GCA_963562665_1	True
21	19	GCA_963566495_1;GCA_963561895_1;IP-0192;GCA_963569795_1;GCF_900591895_1_Thailand;GCA_900597865_2;GCF_900597905_1_Thailand;GCF_900597945_1_Thailand;GCF_900597925_1_Thailand;GCF_900597875_1_Thailand;GCF_900595625_1_Thailand;GCF_001976975_1_Thailand_Ubon;GCA_963572905_1;GCF_001977575_1_Thailand_Ubon;GCF_900595685_1_Thailand;GCA_963571325_1;GCA_963569995_1;GCF_900597865_2_Thailand;GCF_900597885_1_Thailand	True
22	18	IP-0087;IP-0134;IP-0103;ERS013364;GCF_900593775_1_Thailand;GCA_963563225_1;GCA_963567105_1;GCA_963563945_1;GCA_963568755_1;GCA_963570685_1;GCF_900591655_1_Thailand;GCA_963568735_1;GCF_900592345_1_Thailand;GCA_963570755_1;GCF_025848375_1_Viet_Nam;GCA_963560655_1;GCA_963563875_1;GCA_963561605_1	True
23	7	IP-0045;IP-0157;IP-0166;GCF_003798365_1_Thailand_Ubon_Ratchathani;GCF_001976545_1_Thailand;GCA_963566375_1;GCF_001327415_1_United_Kingdom	True
24	24	IP-0112;IP-0013;IP-0199;GCF_001327175_1_Singapore;ERS012344;GCF_001327135_2_Malaysia;ERS012305;GCF_001327095_1_Singapore;GCF_001199735_1_Singapore;GCF_004360075_1_France_Nice;ERS012318;GCF_001320185_1_Singapore;GCF_004360045_1_France_Nice;ERS012343;GCF_001320545_1_Singapore;ERS013351;GCF_001199855_1_Singapore;GCF_001320505_1_Singapore;ERS012321;GCF_001203375_1_Singapore;GCF_001211385_1_Singapore;GCF_001262275_1_Singapore;GCA_001327135_2;ERS012325	True
25_41_72	20	GCA_963561405_1;GCF_900593255_1_Thailand;GCA_963563235_1;GCA_963561005_1;GCA_963569525_1;GCA_963572325_1;GCF_900592435_1_Thailand;GCA_963570065_1;GCA_963569765_1;GCF_001976655_1_Thailand;GCF_900592235_1_Thailand;GCF_900591685_1_Thailand;GCA_963561055_1;GCA_963566865_1;GCA_963560975_1;GCF_900591255_1_Thailand;GCF_900594325_1_Thailand;GCF_900591555_1_Thailand;GCA_963566965_1;GCF_900591985_1_Thailand	True
27	7	GCA_963571845_1;GCA_963561565_1;GCA_963564305_1;GCA_963572945_1;GCA_963570365_1;GCA_963570235_1;GCA_963570455_1	True
28	6	GCA_963560945_1;IP-0058;IP-0078;GCA_963569515_1;GCA_963566755_1;GCA_963570845_1	True
2_29_30_48_68_112_119	216	GCA_963571625_1;GCF_900596275_1_Thailand;GCA_963570125_1;GCF_000454685_1_missing;GCA_963562755_1;GCF_000454665_1_missing;GCF_001977095_1_Thailand;GCF_003420645_1_United_Kingdom_London;GCA_963567795_1;GCF_900592935_1_Thailand;GCA_963570295_1;GCF_900594395_1_Thailand;GCA_963562525_1;GCA_963570385_1;GCA_963561825_1;GCA_963562035_1;GCA_963563045_1;GCF_900592665_1_Thailand;GCA_963565195_1;GCA_963566795_1;GCF_900593325_1_Thailand;GCF_900593435_1_Thailand;GCA_963561805_1;GCF_900596325_1_Thailand;GCA_963560555_1;GCA_963570795_1;GCA_963563565_1;GCF_900591705_1_Thailand;GCA_963568625_1;GCF_900594065_1_Thailand;GCF_900592455_1_Thailand;GCA_963573115_1;GCA_963569555_1;GCF_001976725_1_Thailand;GCA_963562395_1;GCF_000464685_1_missing;GCA_963562535_1;GCA_963566345_1;GCA_963569915_1;GCA_963560815_1;GCF_001327395_1_Thailand;ERS013361;GCA_963562975_1;GCA_963570205_1;GCA_963572685_1;GCA_963571415_1;GCF_000454645_1_missing;GCA_963568085_1;GCA_963570915_1;GCA_963569045_1;GCF_900594225_1_Thailand;GCF_900596345_1_Thailand;GCA_963563085_1;GCA_963562045_1;GCA_963564125_1;GCA_963570145_1;GCA_963568155_1;GCA_963564215_1;GCA_963569055_1;GCF_000959285_1_Thailand_Mahidol_University_Siriraj_Hospital_and_Mahidol-Oxford_Research_Unit;GCA_963564455_1;GCF_002887895_1_Thailand;GCF_003420695_1_United_Kingdom_Exeter;GCA_963562185_1;GCA_963569545_1;GCA_963560335_1;GCA_963572485_1;GCA_963573245_1;GCA_963571465_1;GCF_900596335_1_Thailand;GCA_963569725_1;GCA_963568865_1;GCA_963571485_1;GCA_963564465_1;GCA_963564995_1;GCA_963560495_1;GCA_963572415_1;GCF_001977475_1_Thailand_Ubon;GCF_900592265_1_Thailand;GCF_002880855_1_Thailand;GCF_000454605_1_missing;GCA_963571145_1;GCF_032658185_1_Thailand__Udonthani;GCF_900596365_1_Thailand;GCA_963568175_1;GCF_032658165_1_Thailand_Udonthani;GCF_900592075_1_Thailand;GCF_900592735_1_Thailand;GCA_963561275_1;GCA_963567665_1;GCA_963566465_1;GCA_963562555_1;GCA_963563005_1;GCA_963565505_1;GCA_963568845_1;GCA_963562825_1;GCA_963573615_1;GCF_000454585_1_missing;GCF_028878445_1_NA;GCA_963562995_1;GCA_963572895_1;GCF_900596305_2_Thailand;GCA_963569825_1;GCA_963570375_1;GCA_963568115_1;GCA_963571035_1;GCA_963571965_1;GCA_963570645_1;GCA_963572345_1;GCF_003432445_1_United_Kingdom_Salisbury;GCA_963562775_1;GCA_963566075_1;GCA_963572885_1;GCA_963560705_1;GCA_963571075_1;GCA_963567305_1;GCA_963570005_1;GCA_963570505_1;GCF_000011545_1_missing;GCA_963572315_1;GCA_963572145_1;GCA_963565575_1;GCA_963560475_1;GCA_963569975_1;GCA_963565425_1;GCA_963561085_1;GCA_963569235_1;GCA_963569415_1;GCA_963565415_1;GCF_900593355_1_Thailand;GCA_963562815_1;GCA_963560275_1;GCA_963565545_1;GCF_900593975_1_Thailand;GCF_900593965_1_Thailand;GCA_963560855_1;GCA_963561095_1;GCA_963570225_1;GCA_963568325_1;GCA_963568495_1;BX571965;GCF_900592675_1_Thailand;GCA_963566895_1;GCA_963562985_1;GCA_963568975_1;GCA_963566805_1;GCF_900591485_1_Thailand;GCF_900593625_1_Thailand;GCF_900591425_1_Thailand;GCA_963563615_1;GCA_963563865_1;GCA_963563505_1;GCA_963565105_1;GCA_963560595_1;GCA_963566045_1;GCF_900596385_1_Thailand;GCA_963571445_1;GCA_963564025_1;GCA_963572135_1;GCF_900594265_1_Thailand;GCA_963571875_1;GCF_900596355_1_Thailand;GCA_963565865_1;GCF_000350505_1_missing;GCA_963562195_1;GCA_963570435_1;GCA_963570635_1;GCA_963570775_1;GCA_963569655_1;GCA_963570965_1;GCA_963562475_1;GCA_963571855_1;GCA_963563775_1;GCF_003420685_1_United_Kingdom_Salisbury;GCA_963566785_1;GCA_963570285_1;GCF_001976575_1_Thailand;GCA_963572085_1;GCA_963568065_1;GCF_000454565_1_missing;GCF_001976755_1_Thailand;GCA_963568795_1;GCA_963571265_1;GCF_000454705_1_missing;GCA_963570245_1;GCF_900596375_1_Thailand;GCA_963561445_1;GCA_963570625_1;GCA_963570265_1;GCA_963571255_1;GCA_963571395_1;GCF_900596315_1_Thailand;GCF_000454625_1_missing;GCA_963570305_1;GCA_963569145_1;GCF_001976895_1_Thailand_Ubon;GCA_963562375_1;GCF_900593585_1_Thailand;GCA_963569215_1;GCA_963570415_1;GCA_963560455_1;GCA_963568665_1;GCA_963570345_1;GCA_963560545_1;GCA_963566595_1;GCA_963564985_1;GCA_963569085_1;GCA_963569475_1;GCA_963562065_1;GCF_900591315_1_Thailand;GCA_963562115_1;GCA_963562075_1;GCA_963565955_1;GCA_963573005_1;GCF_900592765_1_Thailand;GCA_963568385_1	True
3	167	IP-0081;GCF_001980775_1_Thailand;GCA_963568705_1;IP-0030;IP-0079;IP-0106;IP-0152;GCA_963572615_1;IP-0035;IP-0071;IP-0120;IE-0022;IP-0177;IP-0084;IP-0161;IP-0139;IP-0124;IP-0031;IP-0043;IP-0018;IP-0191;IP-0144;IP-0019;IP-0005;IP-0156;IP-0015;GCA_963565395_1;GCA_963566675_1;IP-0143;IP-0141;IE-0019;IP-0182;IP-0131;IP-0014;IP-0066;IP-0165;IP-0140;IE-0015;GCA_963563305_1;IP-0021;IP-0122;IP-0090;IP-0154;IP-0052;IE-0026;IE-0013;GCA_963567115_1;IP-0132;IP-0062;GCA_963560585_1;IP-0086;IP-0178;ERS008814;GCF_001321205_1_Thailand;ERS008834;GCF_001321185_1_Thailand;GCF_001321285_1_Thailand;GCF_001321565_1_Thailand;GCF_001202415_1_Thailand;GCF_001210705_1_Thailand;GCF_001321125_1_Thailand;ERS008805;GCF_001321405_1_Thailand;ERS008831;GCF_001977185_1_Thailand_Ubon;GCF_001321465_1_Thailand;GCF_001211405_1_Thailand;GCF_001197015_1_Thailand;ERS008807;GCF_001211565_1_Thailand;GCF_001321085_1_Thailand;GCF_001191815_1_Thailand;GCF_001210965_1_Thailand;GCF_001199195_1_Thailand;ERS008815;GCF_001212325_1_Thailand;GCF_001321585_1_Thailand;GCF_001320945_1_Thailand;GCF_001977245_1_Thailand_Ubon;ERS008847;GCF_001321065_1_Thailand;GCF_001321245_1_Thailand;GCF_001200615_1_Thailand;GCF_001977545_1_Thailand_Ubon;GCF_001321225_1_Thailand;GCF_001321625_1_Thailand;GCF_001197775_1_Thailand;ERS008832;ERS008842;GCF_001194765_1_Thailand;ERS008788;ERS008800;GCF_001196775_1_Thailand;GCF_001320985_1_Thailand;ERS008783;ERS008787;GCF_001320905_1_Thailand;GCF_001193655_1_Thailand;GCF_001197795_1_Thailand;ERS008789;GCF_001211505_1_Thailand;ERS008812;GCF_001321485_1_Thailand;GCF_001209505_1_Thailand;GCF_001199815_1_Thailand;GCF_001211865_1_Thailand;ERS008840;GCF_001204515_1_Thailand;GCF_001321325_1_Thailand;ERS008846;GCF_001321365_1_Thailand;ERS008811;ERS008839;GCF_001199695_1_Thailand;GCF_001321165_1_Thailand;GCF_001321385_1_Thailand;GCF_001193035_1_Thailand;GCF_001321545_1_Thailand;GCF_001192815_1_Thailand;GCF_001321505_1_Thailand;ERS008826;ERS008796;ERS008845;GCF_001321305_1_Thailand;ERS008799;GCF_001321425_1_Thailand;GCF_001320865_1_Thailand;GCF_001978015_1_Thailand_Ubon;GCF_001321445_1_Thailand;ERS008810;GCF_001321105_1_Thailand;ERS008780;GCF_001321145_1_Thailand;GCF_001192415_1_Thailand;GCF_001321015_1_Thailand;ERS008843;GCF_001321605_1_Thailand;ERS008818;GCF_001193615_1_Thailand;GCA_963564755_1;GCF_001977225_1_Thailand_Ubon;GCF_001321045_1_Thailand;ERS008802;GCF_001212025_1_Thailand;GCF_001321265_1_Thailand;GCF_001321345_1_Thailand;ERS008806;GCF_001211345_1_Thailand;ERS008793;ERS008801;ERS008779;GCF_001978045_1_Thailand_Ubon;ERS008823;GCF_001206495_1_Thailand;GCF_001977195_1_Thailand_Ubon;GCF_001321525_1_Thailand;ERS008808;GCF_001196125_1_Thailand;GCF_001207675_1_Thailand;GCF_001205935_1_Thailand;GCF_001977495_1_Thailand_Ubon;ERS008791;GCF_001320825_1_Thailand;GCF_001209405_1_Thailand;GCF_001208545_1_Thailand;GCF_001977525_1_Thailand_Ubon;ERS008827	True
32	56	IP-0006;IP-0037;GCF_001976275_1_Thailand;GCA_963562925_1;GCA_963570535_1;GCA_963561175_1;GCA_963561195_1;GCA_963562635_1;GCA_963566685_1;GCA_963570905_1;GCF_900596735_1_Thailand;GCA_963563265_1;GCF_900593035_1_Thailand;GCA_963568965_1;GCA_963572705_1;GCF_900596065_2_Thailand;GCA_963561185_1;GCF_900591505_1_Thailand;GCA_963565225_1;ERS012368;GCA_963569135_1;GCA_963566305_1;GCA_963569005_1;GCA_963568045_1;GCA_963570995_1;GCA_963567065_1;GCA_963561425_1;GCA_963565115_1;GCA_963571765_1;GCF_900596725_1_Thailand;GCA_963568725_1;GCA_963563365_1;GCA_963563165_1;GCA_963566365_1;GCA_963565435_1;GCA_963571025_1;GCA_963572815_1;GCA_001327495_2;GCF_900593005_1_Thailand;GCA_963572825_1;GCA_963562575_1;GCA_900596065_2;GCA_963565245_1;GCF_001327495_2_Thailand;GCA_963566995_1;GCF_900591565_1_Thailand;GCF_900591945_1_Thailand;GCA_963567375_1;GCF_001980735_1_Thailand;GCA_963572115_1;GCA_963573085_1;GCA_963567655_1;GCA_963569885_1;GCA_963568125_1;GCA_963564015_1;GCA_963562805_1	True
33	28	GCF_025848015_1_Viet_Nam;GCF_025847635_1_Viet_Nam;GCA_963566225_1;GCA_963564885_1;GCF_900593535_1_Thailand;GCA_963560905_1;GCA_963567255_1;GCA_963561115_1;GCA_963566135_1;GCA_963564035_1;GCF_900591645_1_Thailand;GCA_963561135_1;GCF_900591515_1_Thailand;GCA_963568245_1;GCA_963567605_1;GCA_963567645_1;GCF_900593875_1_Thailand;GCA_963566205_1;GCF_900592335_1_Thailand;GCA_963567235_1;GCA_963563885_1;GCA_963567945_1;GCA_963566235_1;GCA_963567365_1;GCA_963565775_1;GCA_963562545_1;GCA_963561505_1;GCA_963573875_1	True
34	15	GCF_014713055_1_Laos;GCF_014713085_1_Laos;GCA_963568835_1;GCF_001980645_1_Malaysia;GCA_963564005_1;GCF_001980625_1_Malaysia;GCA_963565875_1;GCF_037966645_1_China_Sanya_Hainan_Province;GCA_963571945_1;GCA_963560755_1;GCA_963562345_1;GCA_963565605_1;GCA_963571185_1;GCA_963560415_1;GCA_963571665_1	True
35	9	GCF_014713015_1_Laos;GCF_014712945_1_Laos;GCA_963562245_1;GCA_963570585_1;GCA_963569115_1;GCA_963564405_1;GCA_963570075_1;GCA_963561265_1;GCA_963569585_1	True
36	22	IP-0176;GCA_963573095_1;GCA_001327435_2;GCF_900594845_1_Thailand;GCF_900594805_1_Thailand;GCA_963567335_1;GCF_900594855_1_Thailand;GCF_900594885_1_Thailand;GCF_900594825_1_Thailand;GCF_900597515_1_Thailand;GCF_001327435_2_Thailand;GCF_900594775_2_Thailand;GCA_900594775_2;GCF_900594865_1_Thailand;GCA_963568185_1;GCA_963561675_1;GCF_900597575_1_Thailand;GCF_900594835_1_Thailand;GCA_963567025_1;GCF_900593885_1_Thailand;GCA_963561235_1;GCF_900594815_1_Thailand	True
37	6	GCA_963562965_1;IP-0096;GCA_963566815_1;GCA_963566655_1;GCA_963564685_1;GCA_963569675_1	True
39	35	GCA_963562235_1;IP-0184;GCF_001979455_1_unknown;GCA_963561945_1;GCA_963566005_1;GCA_963565355_1;GCF_900592805_1_Thailand;GCA_963564275_1;GCA_963562335_1;GCA_963566525_1;GCA_963566155_1;GCA_963567815_1;GCF_000757015_2_Thailand;GCF_001981045_1_Thailand;GCF_002887935_1_Thailand;GCF_900592625_1_Thailand;GCA_963564495_1;GCF_900593065_1_Thailand;GCA_963565165_1;GCA_963566055_1;GCA_963561125_1;GCA_963567725_1;GCA_963567275_1;GCA_963568445_1;GCA_963563895_1;GCA_963572805_1;GCA_963560355_1;GCA_963572875_1;GCA_963567015_1;GCA_963572015_1;GCA_963570095_1;GCA_963561865_1;GCA_963568465_1;GCF_001977435_1_Thailand_Ubon;GCA_963569165_1	True
4	32	ERS008833;ERS008794;ERS008829;ERS008844;ERS008841;ERS008795;ERS008798;ERS008825;ERS008821;ERS008824;ERS008809;ERS008838;ERS008813;ERS008804;ERS008784;ERS008790;ERS008819;ERS008837;ERS008785;ERS008797;ERS008803;ERS008822;ERS008835;ERS008786;ERS008792;ERS008820;ERS008828;ERS008817;ERS008816;ERS008830;ERS008836;ERS008781	True
42	15	GCF_001212405_2_Malaysia;ERS013345;GCA_963566265_1;GCF_900591665_1_Thailand;GCA_963571985_1;GCA_963570545_1;GCA_963565535_1;GCA_963562355_1;GCA_963567005_1;GCF_900592035_1_Thailand;GCA_963570525_1;GCF_900593455_1_Thailand;GCA_963572785_1;GCA_963562865_1;GCA_963564665_1	True
4_5_31_113	125	GCF_900597375_1_Thailand;GCA_900597335_2;GCA_963568805_1;GCF_001977125_1_Thailand_Ubon;GCA_963561255_1;GCA_963568655_1;GCA_963564655_1;GCF_900594635_1_Thailand;GCF_900592025_1_Thailand;GCA_963569265_1;GCA_963567215_1;GCF_900593205_1_Thailand;GCF_001980905_1_Thailand;GCF_009904375_1_Thailand_Ubon;GCF_900593645_1_Thailand;GCA_963567615_1;GCA_963573125_1;GCF_001977085_1_Thailand_Ubon;GCA_963571935_1;GCF_900592985_1_Thailand;GCF_900591595_1_Thailand;GCA_963569945_1;GCA_963569285_1;GCA_963571615_1;GCF_001977875_1_Thailand_Ubon;GCA_963563185_1;GCF_900598525_1_Thailand;GCF_900593025_1_Thailand;GCF_900597325_1_Thailand;GCA_963565315_1;GCA_900596175_2;GCA_963565025_1;GCF_900596685_1_Thailand;GCF_900594655_1_Thailand;GCF_900597415_1_Thailand;GCF_900596675_1_Thailand;GCA_963565755_1;GCF_900593915_1_Thailand;GCF_900592845_1_Thailand;GCA_963560635_1;GCA_963572535_1;GCF_900597345_1_Thailand;GCF_900593165_1_Thailand;GCA_963570475_1;GCA_963572575_1;GCF_900591535_1_Thailand;GCA_963568355_1;GCA_963568095_1;GCF_900595465_1_Thailand;GCA_900594595_2;GCF_900596175_2_Thailand;GCF_900591915_1_Thailand;GCF_900595575_1_Thailand;GCF_900595635_1_Thailand;GCA_963567435_1;GCA_963570925_1;GCA_963566195_1;GCA_963561335_1;GCA_963563315_1;GCA_900595385_2;GCA_963570945_1;GCF_900594435_1_Thailand;GCF_900598515_1_Thailand;GCF_009904355_1_Thailand_Ubon;GCA_963560375_1;GCF_001980985_1_Thailand;GCF_001976495_1_Thailand;GCA_963570115_1;GCF_002888135_1_Thailand;GCA_963571425_1;GCF_900594725_1_Thailand;GCA_963560365_1;GCF_900595595_1_Thailand;GCA_963569855_1;GCA_963564205_1;GCF_900594745_1_Thailand;GCA_963571695_1;GCF_900592945_1_Thailand;GCA_963560535_1;GCF_900597295_1_Thailand;GCF_900593715_1_Thailand;GCA_963560525_1;GCA_963566845_1;GCA_963561985_1;GCA_963568765_1;GCF_900591805_1_Thailand;GCF_900597335_2_Thailand;GCF_900594485_1_Thailand;GCF_900593085_1_Thailand;GCA_963561375_1;GCF_900596805_1_Thailand;GCA_963567585_1;GCF_900593125_1_Thailand;GCF_900597355_1_Thailand;GCF_900591605_1_Thailand;GCF_900591525_1_Thailand;GCF_900597775_1_Thailand;GCA_963569625_1;GCF_900595615_1_Thailand;GCF_900597315_1_Thailand;GCF_009904315_1_Thailand_Ubon;GCF_900594595_2_Thailand;GCA_963560835_1;GCF_900595435_1_Thailand;GCF_002888255_1_Thailand;GCF_001977815_1_Thailand_Ubon;GCF_009904095_1_Thailand_Ubon;GCF_900596255_1_Thailand;GCF_900592325_1_Thailand;GCA_963563535_1;GCA_963568695_1;GCA_963561015_1;GCF_001446155_1_missing;GCA_963566925_1;GCF_900592955_1_Thailand;GCF_900595385_2_Thailand;GCA_963571545_1;GCF_900597305_1_Thailand;GCF_900592175_1_Thailand;GCF_900594275_1_Thailand;GCF_900597365_1_Thailand;GCA_963567395_1;GCF_009904325_1_Thailand_Ubon;GCF_900593395_1_Thailand;GCA_963572445_1	True
5	29	IP-0082;ERS012306;GCF_025848135_1_Viet_Nam;ERS012320;IP-0099;ERS012324;ERS012358;IP-0174;ERS012354;ERS012347;ERS012351;ERS012356;ERS012359;ERS012317;ERS012380;ERS012327;ERS012370;ERS012307;ERS012312;ERS012363;ERS012308;ERS012313;ERS013342;ERS013353;GCA_963561075_1;ERS013352;ERS012314;IE-0001;ERS012332	True
50_51	30	GCA_963573035_1;GCA_963560785_1;GCA_963565815_1;GCF_900593935_1_Thailand;GCA_963562025_1;GCF_900591885_1_Thailand;GCA_963568775_1;GCA_963565255_1;GCA_963562915_1;GCA_963571295_1;GCA_963563215_1;GCA_963562435_1;GCF_900597395_1_Thailand;GCA_963571725_1;GCF_900592975_1_Thailand;GCA_963562095_1;GCA_963560715_1;GCA_963569355_1;GCA_963571245_1;GCA_963570515_1;GCA_963563025_1;GCA_963563625_1;GCA_963572045_1;GCA_963561725_1;GCA_963571955_1;GCA_963572095_1;GCA_963570015_1;GCA_963560325_1;GCA_963572165_1;GCA_963561955_1	True
53	32	IP-0009;GCA_963565895_1;GCA_963566285_1;GCA_963568305_1;GCA_900596705_2;GCA_963573155_1;GCA_963563445_1;GCF_900591935_1_Thailand;GCF_900592795_1_Thailand;GCA_900597485_2;GCF_900593305_1_Thailand;GCF_900597585_1_Thailand;GCA_963569245_1;GCF_900596705_2_Thailand;GCA_963563905_1;GCA_963567975_1;GCF_900597485_2_Thailand;GCF_900597495_1_Thailand;GCA_963560985_1;GCF_900597535_1_Thailand;GCA_963564475_1;GCF_900593335_1_Thailand;GCF_900591265_1_Thailand;GCF_001976685_1_Thailand;GCF_900592255_1_Thailand;GCA_963567825_1;GCA_963561345_1;GCA_963567755_1;GCA_963571335_1;GCA_963570325_1;GCF_900596715_1_Thailand;GCF_002880965_1_Thailand	True
54	15	IE-0009;GCA_963565075_1;GCA_963566445_1;GCA_963563435_1;GCA_963561535_1;GCA_963572025_1;GCF_900593055_1_Thailand;GCA_963568425_1;GCA_963568555_1;GCA_963563545_1;GCA_963567785_1;GCA_963563275_1;GCA_963563125_1;GCA_963566485_1;GCA_963562935_1	True
56	9	GCF_002111145_1_USA_Arizona_ex_Costa_Rica;GCF_900593105_1_Thailand;GCA_963561105_1;GCA_963562015_1;GCF_900598305_2_Thailand;GCA_963564295_1;GCA_963567245_1;GCA_963568595_1;GCF_900596085_1_Thailand	True
57	8	GCF_002111105_1_USA_California;GCF_001976865_1_Thailand_Ubon;GCA_963564815_1;GCF_900594645_1_Thailand;GCF_900594685_1_Thailand;GCF_900591725_1_Thailand;GCF_900595585_2_Thailand;GCF_900597505_1_Thailand	True
6	95	GCF_009826725_1_Viet_Nam;ERS013348;GCF_003268075_1_Viet_Nam;GCF_009827035_1_Viet_Nam;ERS012334;GCF_001212705_2_Malaysia;GCA_963569705_1;GCF_003268105_1_Viet_Nam;ERS012340;GCF_003268115_1_Viet_Nam;IE-0018;ERS013354;GCF_001326935_2_Malaysia;ERS012338;ERS012311;ERS012372;GCF_001204275_1_Singapore;GCA_001327335_2;GCF_001327015_1_Singapore;GCF_001182285_1_missing;GCF_001262315_1_Singapore;GCF_001327255_2_Singapore;GCF_018228545_1_Singapore;GCF_018228525_1_Singapore;GCF_001205635_1_Singapore;ERS012374;GCF_001327215_2_Singapore;GCF_001327055_2_Singapore;GCF_001320685_1_Singapore;ERS012336;GCF_001326915_1_Singapore;GCF_001327115_1_Singapore;GCF_001326975_1_Singapore;ERS012339;ERS012319;ERS012342;GCF_032804145_1_Malaysia_Kelantan;GCA_001327295_2;GCF_030297315_1_not_applicable;ERS012352;GCF_006538545_1_NA;ERS012333;ERS012315;GCF_030297255_1_USA;GCF_001211705_1_Singapore;ERS012322;GCF_001262355_1_Singapore;GCF_001202135_1_Singapore;GCA_001327255_2;GCF_001182325_1_missing;GCF_030297195_1_Singapore;ERS012348;ERS012379;ERS012310;GCF_001320615_1_Singapore;GCF_030297355_1_not_applicable;ERS012383;ERS012323;GCF_001204155_1_Singapore;ERS012355;GCF_001320325_1_Singapore;GCF_900006245_1_missing;GCF_032803905_1_Malaysia_Kelantan;ERS013344;GCF_001327335_2_Singapore;GCF_018228345_1_Singapore;GCF_001327535_1_Singapore;GCF_001197955_1_Singapore;GCF_001194905_1_Singapore;GCF_001206455_1_Singapore;GCF_019843765_1_Singapore;GCA_001327215_2;GCF_001320255_1_Singapore;GCF_018228565_1_Singapore;GCF_001195465_1_Singapore;ERS012350;GCF_001320725_1_Singapore;GCF_018228605_1_Singapore;ERS012337;GCF_001327515_1_Singapore;GCF_001211245_1_Singapore;GCA_001327355_2;GCF_001320425_1_Singapore;GCF_001327355_2_Singapore;GCF_001211305_1_Singapore;GCF_001320365_1_Singapore;GCF_001327295_2_Singapore;ERS012375;GCF_018228585_1_Singapore;GCF_001320145_1_Singapore;GCF_018228385_1_Singapore;GCF_001320395_1_Singapore;GCF_001233045_1_Singapore;GCA_001327055_2;GCF_001210645_1_Singapore	True
60	9	GCF_000774965_1_Australia;GCF_900592635_1_Thailand;GCF_900592085_1_Thailand;GCF_000757035_2_Viet_Nam;GCF_900592545_1_Thailand;GCA_963570785_1;GCA_963567345_1;GCF_000152345_1_missing;GCF_900593245_1_Thailand	True
61_118	15	GCA_963565035_1;GCF_000193455_1_missing;GCA_963562855_1;GCF_000012785_1_missing;GCA_963566835_1;GCF_000763555_1_unknown;GCF_001978115_1_Thailand_Ubon;GCF_900591905_1_Thailand;GCF_000757255_1_unknown;GCA_963564765_1;GCF_900594455_1_Thailand;GCF_001978085_1_Thailand_Ubon;GCA_963566575_1;GCF_001978105_1_Thailand_Ubon;GCF_001978125_1_Thailand_Ubon	True
66	6	GCA_963572755_1;GCA_963572525_1;GCF_900592875_1_Thailand;GCA_963572775_1;GCA_963568895_1;GCA_963560995_1	True
7	85	IP-0173;IP-0053;IP-0179;IP-0033;GCF_014712835_1_Laos;IP-0095;IP-0061;GCA_963561215_1;IP-0113;IP-0114;GCA_963561435_1;GCF_014712895_1_Laos;ERS013343;GCF_902141805_1_missing;GCA_001326935_2;GCF_900593235_1_Thailand;GCF_900596135_1_Thailand;GCA_963570695_1;GCF_001197235_1_Singapore;ERS013350;GCF_000401095_2_Malaysia;GCF_032803965_1_Malaysia_Kelantan;GCF_900596125_1_Thailand;GCA_963566725_1;GCF_900598545_1_Thailand;GCF_013371835_1_China_Hainan;GCA_963568905_1;GCF_001642555_1_Bangladesh;ERS013347;GCF_001212185_1_Singapore;GCF_900446265_1_missing;GCF_001327075_1_Singapore;GCF_032804025_1_Malaysia_Kelantan;GCF_000401135_2_Malaysia;GCF_900593985_1_Thailand;GCA_963571275_1;GCF_900598585_1_Thailand;GCF_900598575_1_Thailand;GCF_900596075_1_Thailand;ERS012341;GCF_013371875_1_China_Hainan;GCA_963569155_1;GCF_002900665_1_Malaysia;GCF_030297335_1_not_applicable;GCA_963564245_1;GCA_963567535_1;GCA_963569745_1;GCF_001320215_1_Singapore;GCF_001327155_1_Singapore;GCA_963570705_1;ERS012382;GCF_024506485_1_Malaysia_Pahang_Kuantan;GCF_001200935_1_Singapore;GCA_963570315_1;GCA_963561705_1;GCA_963567805_1;GCF_000401115_2_Malaysia;GCF_003268175_1_Viet_Nam;GCF_900598565_1_Thailand;GCA_963563695_1;GCF_028621475_1_missing;GCA_963569715_1;ERS012335;GCA_963570615_1;SRR12527886-SPAdes;GCA_963562465_1;GCF_032804085_1_Malaysia_Kelantan;GCF_001182265_1_missing;GCF_900596195_1_Thailand;GCF_025848195_1_Viet_Nam;GCF_900593555_1_Thailand;GCA_001212705_2;GCF_003546995_3_Malaysia;GCA_963570825_1;GCA_963570425_1;GCA_963570045_1;GCF_002900645_1_Malaysia;GCF_001212465_1_Singapore;GCF_000401075_2_Malaysia;GCF_003268095_1_Viet_Nam;GCF_013371905_1_China_Hainan;GCF_900596145_1_Thailand;GCF_000932145_1_New_Zealand;GCF_030297295_1_Japan;GCF_013371815_1_China_Hainan	True
71	6	GCA_963565085_1;GCF_900595605_1_Thailand;GCA_963562845_1;GCA_963561165_1;GCA_963565285_1;GCA_963562685_1	True
78	10	GCF_900598315_1_Thailand;SRR12527881-SPAdes;SRR12527882-SPAdes;GCF_028620425_1_missing;SRR12527880-SPAdes;GCF_001611585_1_Portugal_Lisbon;GCA_963571595_1;GCF_001979435_1_unknown;GCF_028621445_1_missing;GCF_001445855_1_missing	True
79	7	GCA_963563755_1;GCA_963564855_1;GCA_963562725_1;GCA_963566745_1;GCF_001977425_1_Thailand_Ubon;GCA_963566915_1;GCA_963571195_1	True
8	142	GCF_009830095_1_Thailand;IP-0150;GCF_014712775_1_Laos;IP-0092;IP-0016;GCF_014712815_1_Laos;GCF_009830075_1_Thailand;IE-0004;IP-0089;GCA_963570105_1;IP-0126;GCA_963571555_1;GCF_001212065_1_Singapore;GCA_900594665_2;GCF_027856435_2_China_Hong_Kong;GCF_900598185_2_Thailand;SRR11097784-SPAdes;GCF_900595965_2_Thailand;GCA_900598295_2;GCA_963572375_1;ERS012329;GCF_027856575_2_China_Hong_Kong;GCF_027856405_2_China_Hong_Kong;GCA_963572585_1;GCA_963571215_1;GCF_027854025_2_China_Hong_Kong;GCF_900593175_1_Thailand;GCF_900598365_1_Thailand;GCA_963567475_1;GCF_027856495_2_China_Hong_Kong;GCF_900598285_1_Thailand;GCF_900598715_1_Thailand;GCA_963565445_1;GCF_900592125_1_Thailand;GCF_027856745_2_China_Hong_Kong;GCF_900595985_1_Thailand;GCA_963564605_1;GCF_027856965_2_China_Hong_Kong;GCF_900591355_1_Thailand;GCF_900592655_1_Thailand;GCA_963567125_1;GCF_027856375_2_China_Hong_Kong;GCF_900596055_1_Thailand;GCA_963571825_1;GCF_900595785_1_Thailand;GCF_900598345_1_Thailand;GCF_027856475_2_China_Hong_Kong;GCF_900591715_1_Thailand;GCF_900598375_1_Thailand;GCF_900592535_1_Thailand;SRR11097783-SPAdes;GCF_027856915_2_China_Hong_Kong;GCF_900598195_1_Thailand;GCF_900593865_1_Thailand;GCA_963568605_1;GCF_032804045_1_Malaysia_Kelantan;GCF_027856595_2_China_Hong_Kong;GCF_032804005_1_Malaysia_Kelantan;GCA_963560625_1;GCF_027854015_2_China_Hong_Kong;GCF_900595975_1_Thailand;GCA_963565925_1;GCF_027856715_2_China_Hong_Kong;GCF_900596045_1_Thailand;GCF_900592855_1_Thailand;GCF_900598205_1_Thailand;GCA_963566125_1;GCF_027856655_2_China_Hong_Kong;GCA_963564135_1;GCF_900598175_1_Thailand;GCF_027856515_2_China_Hong_Kong;GCF_032803865_1_Malaysia_Kelantan;GCF_900592485_1_Thailand;GCF_900593825_1_Thailand;GCF_027856635_2_China_Hong_Kong;GCF_027853925_2_China_Hong_Kong;GCA_963564105_1;GCF_001327035_2_Malaysia;GCF_027856395_2_China_Hong_Kong;GCA_963569815_1;GCF_900595855_1_Thailand;GCF_027856555_2_China_Hong_Kong;GCF_900596095_1_Thailand;GCA_963568295_1;GCF_900598355_1_Thailand;GCF_027856445_2_China_Hong_Kong;GCF_900598245_1_Thailand;GCF_900596005_1_Thailand;GCF_900596035_1_Thailand;GCA_963563485_1;GCA_963561205_1;GCF_900598335_1_Thailand;GCF_900598215_1_Thailand;GCF_027856535_2_China_Hong_Kong;GCA_963570445_1;GCA_963565495_1;GCA_963561525_1;GCA_963570655_1;GCA_900598185_2;GCF_027856775_2_China_Hong_Kong;GCF_900598225_1_Thailand;GCF_027856675_2_China_Hong_Kong;GCF_900593385_1_Thailand;GCF_032803985_1_Malaysia_Kelantan;GCF_900598255_1_Thailand;GCA_963569955_1;GCF_027856845_2_China_Hong_Kong;GCF_900596105_1_Thailand;GCA_963562715_1;GCF_900598295_2_Thailand;GCF_027856735_2_China_Hong_Kong;GCF_900598235_1_Thailand;GCA_963567045_1;GCF_032803945_1_Malaysia_Kelantan;GCA_963566955_1;GCF_027856355_2_China_Hong_Kong;GCF_900597545_1_Thailand;GCA_001327035_2;GCF_027853995_2_China_Hong_Kong;GCF_900592695_1_Thailand;GCA_963566825_1;GCF_900596025_1_Thailand;GCF_001277975_1_Malaysia_Pahang;GCA_963563795_1;GCF_900598325_1_Thailand;GCF_027856335_2_China_Hong_Kong;GCF_900598265_1_Thailand;GCA_963566875_1;GCF_900598275_1_Thailand;GCA_963572735_1;GCF_900593835_1_Thailand;GCF_027856815_2_China_Hong_Kong;GCA_963565465_1;GCF_004842085_1_China_HainanWenchang;GCF_027856695_2_China_Hong_Kong;GCF_032804125_1_Malaysia_Kelantan;GCF_032803885_1_Malaysia_Kelantan;GCF_900595645_1_Thailand;GCF_900598395_1_Thailand;GCF_900594665_2_Thailand;GCF_900591345_1_Thailand;GCA_900595965_2	True
87	13	GCF_900591465_1_Thailand;GCA_963570165_1;GCF_000453005_1_Thailand;GCF_900592835_1_Thailand;GCF_000755905_1_unknown;GCF_900591815_1_Thailand;GCF_900593995_1_Thailand;GCA_963567985_1;GCF_900592465_1_Thailand;GCF_900592385_1_Thailand;GCA_963571895_1;GCA_963572765_1;GCA_963567385_1	True
9	27	IP-0025;IP-0063;IP-0020;IP-0046;GCA_963570085_1;IP-0028;GCF_000410895_1_Thailand;IP-0125;IP-0160;GCF_900591865_1_Thailand;GCA_963565455_1;GCF_000755825_1_unknown;GCA_963571045_1;GCA_963569485_1;GCA_963563745_1;GCA_963569755_1;GCA_963572105_1;GCA_963572635_1;GCA_963566335_1;GCF_000959145_1_Thailand;GCF_000152685_2_missing;GCA_963572555_1;GCA_963562595_1;GCA_963570405_1;GCA_963565145_1;GCA_963566515_1;GCA_963563605_1	True
90	18	GCA_963563855_1;GCF_001976825_1_Thailand_Ubon;GCF_001445915_1_missing;GCA_963561665_1;GCA_963567405_1;GCA_963564515_1;GCA_963566945_1;GCF_001976805_1_Thailand_Ubon;GCA_963569125_1;GCF_900594155_1_Thailand;GCF_900591445_1_Thailand;GCF_001976885_1_Thailand_Ubon;GCF_900593675_1_Thailand;GCA_963560505_1;GCA_963564575_1;GCF_001976815_1_Thailand_Ubon;GCA_963567035_1;GCA_963564935_1	True
94	17	GCF_025847475_1_Viet_Nam;GCF_025848095_1_Viet_Nam;GCF_025848245_1_Viet_Nam;GCF_025847885_1_Viet_Nam;GCF_025847955_1_Viet_Nam;GCF_030131805_1_Viet_Nam_Northern_part_of_Viet_Nam;GCF_034317845_1_Viet_Nam;GCF_034317885_1_Viet_Nam;GCF_025847855_1_Viet_Nam;GCF_034317905_1_Viet_Nam;GCF_025847505_1_Viet_Nam;GCF_025847445_1_Viet_Nam;GCF_025848205_1_Viet_Nam;GCF_025847555_1_Viet_Nam;GCF_025847575_1_Viet_Nam;GCF_030131765_1_Viet_Nam_Northern_part_of_Viet_Nam;GCF_025847595_1_Viet_Nam	True
98	9	GCF_003813945_1_Puerto_Rico_ARECIBO;GCF_003813825_1_Puerto_Rico_Arecibo;GCF_002110965_1_USA_Florida_ex_Trinidad;GCF_003854325_1_Puerto_Rico_Arecibo;GCF_002111265_1_USA_Puerto_Rico;GCF_002111065_1_USA_Puerto_Rico;GCF_003944665_1_Puerto_Rico_Arecibo;GCF_002111025_1_USA_Puerto_Rico;GCF_003858035_1_Puerto_Rico_Arecibo	True
